"cv_fold","feature","beta_name","posterior_mean","posterior_sd","posterior_median","ci_2.5","ci_97.5","prob_positive","prob_negative","includes_zero","prior_mean","rhat","ess_bulk","ess_tail"
4,"MPI_intensity","beta[1]",0.175882185155925,0.0660188584818163,0.176513465,0.04226832445,0.301251907,0.99775,0.00225,FALSE,0,1.00243088925311,1637.63361734004,2559.50028741447
4,"currency_exchange_log","beta[2]",-0.031719246530548,0.0177583583232285,-0.0316932285,-0.066724367575,0.0037326079975,0.0385,0.9615,TRUE,0,1.00101051282729,4008.50285024063,2862.78462138676
4,"ndvi_value_cubic_intp","beta[3]",-0.071785646428535,0.0343315361737012,-0.0717658375,-0.1383048485,-0.00610807682249998,0.0145,0.9855,FALSE,0,1.00121767006704,2494.82118391678,2607.89117392117
4,"food_inflation_cubic_intp","beta[4]",-0.025397511040394,0.0394490808426766,-0.0247619115,-0.10390609025,0.050656285,0.25875,0.74125,TRUE,0,1.00020715444632,3766.64874348791,2938.43669725031
4,"Waterways","beta[5]",-0.0488059457467217,0.0376805017281277,-0.049398044,-0.1217852855,0.02623450695,0.095,0.905,TRUE,0,1.00082409874583,2838.85382816578,2926.82138597968
4,"Ramadan_past90days_Muslimpop","beta[6]",-0.0483159522348928,0.016256980603995,-0.0483817835,-0.0805125465,-0.0167630903,0.00175,0.99825,FALSE,0,1.00079438282454,4248.30275063062,2834.72488093825
4,"Muslim","beta[7]",0.00635360349986098,0.0605167488755998,0.00882642585,-0.11638276125,0.12264313025,0.5595,0.4405,TRUE,0,1.00158241908025,2138.28523166195,2449.62345555181
