"cv_fold","feature","beta_name","posterior_mean","posterior_sd","posterior_median","ci_2.5","ci_97.5","prob_positive","prob_negative","includes_zero","prior_mean","rhat","ess_bulk","ess_tail"
2,"MPI_intensity","beta[1]",0.118986776700127,0.0696766175847948,0.11533981,-0.0010131998675,0.263401433,0.9715,0.0285,TRUE,0,1.00097439017002,1729.8035980813,2457.71524825592
2,"currency_exchange_log","beta[2]",-0.0342604315125488,0.0176249315843568,-0.033794237,-0.0698405838,-0.000554637421499996,0.0225,0.9775,FALSE,0,1.00398939289191,4294.41088906557,2744.58311791525
2,"ndvi_value_cubic_intp","beta[3]",-0.00773796340849252,0.031347902238004,-0.00695665825,-0.070213161625,0.0558911968,0.40725,0.59275,TRUE,0,1.00080698837036,3941.63786254896,3005.10466696258
2,"food_inflation_cubic_intp","beta[4]",-0.0273259485417414,0.0388503032815311,-0.026410329,-0.105752104,0.04616529135,0.2435,0.7565,TRUE,0,1.00049541938589,4102.12844529232,2786.45065903774
2,"Waterways","beta[5]",-0.037954056753111,0.0417874369392215,-0.037060193,-0.1241282605,0.0416912407750001,0.175,0.825,TRUE,0,1.00069349374624,2876.90092895801,2275.43153439088
2,"Ramadan_past90days_Muslimpop","beta[6]",-0.049667095018105,0.0176869131294282,-0.049803281,-0.084766437025,-0.014865319875,0.002,0.998,FALSE,0,1.00042606244467,3984.85211941741,2438.96793698685
2,"Muslim","beta[7]",0.0393382985215315,0.0606039173793656,0.038330826,-0.083332848375,0.161542767,0.764,0.236,TRUE,0,1.00419888426356,2604.41216678146,2166.7390040673
