"cv_fold","feature","beta_name","posterior_mean","posterior_sd","posterior_median","ci_2.5","ci_97.5","prob_positive","prob_negative","includes_zero","prior_mean","rhat","ess_bulk","ess_tail"
0,"MPI_intensity","beta[1]",0.105713596953855,0.0663534833669321,0.10193394,-0.008482310155,0.2447220355,0.9595,0.0405,TRUE,0,0.999848200498865,1725.6942904543,2074.34509943968
0,"currency_exchange_log","beta[2]",-0.0376535529972728,0.0176075896064415,-0.0375954875,-0.07253755395,-0.00351180753249999,0.018,0.982,FALSE,0,1.00043226748824,3366.08983553489,2431.21086428027
0,"ndvi_value_cubic_intp","beta[3]",-0.00995915164952598,0.0329664874336709,-0.0095598871,-0.076386699825,0.054275758625,0.38275,0.61725,TRUE,0,1.00100107665642,3154.93012625793,2495.20744419734
0,"food_inflation_cubic_intp","beta[4]",-0.0137116500274487,0.0364552242174508,-0.0125986165,-0.086944176375,0.059188505775,0.34825,0.65175,TRUE,0,1.00098329517646,2839.47740929517,2719.32739979983
0,"Waterways","beta[5]",-0.01200091460512,0.0374118153514914,-0.011561703,-0.088391765575,0.061366661275,0.3705,0.6295,TRUE,0,1.00122115778302,3259.32753399541,2570.34646289221
0,"Ramadan_past90days_Muslimpop","beta[6]",-0.0503749016884848,0.0179616122944833,-0.050429594,-0.08534635665,-0.015040536725,0.00125,0.99875,FALSE,0,1.00049593239397,2592.45902587288,2870.9839075958
0,"Muslim","beta[7]",0.0455620345193693,0.0562470920400142,0.042917873,-0.0620768622,0.16639463575,0.80575,0.19425,TRUE,0,0.999876843584476,2778.70855460797,2408.62795889582
