"cv_fold","feature","beta_name","posterior_mean","posterior_sd","posterior_median","ci_2.5","ci_97.5","prob_positive","prob_negative","includes_zero","prior_mean","rhat","ess_bulk","ess_tail"
5,"MPI_intensity","beta[1]",0.112630129514783,0.0709611270511985,0.10647642,-0.004071023615,0.26552443075,0.96725,0.03275,TRUE,0,1.00180330415788,1675.60793671047,1962.26365962918
5,"currency_exchange_log","beta[2]",-0.0328833493306242,0.0164998468606377,-0.0324690405,-0.065797850975,-0.001476026315,0.01775,0.98225,FALSE,0,1.00160820868474,4178.85325196946,2888.26281319232
5,"ndvi_value_cubic_intp","beta[3]",-0.0282454249204096,0.0326024549351294,-0.027722307,-0.094041372775,0.0337960393000001,0.18775,0.81225,TRUE,0,1.00023721219955,3888.23959594941,2833.03472198379
5,"food_inflation_cubic_intp","beta[4]",-0.0230326700256642,0.0363637730521887,-0.0224063845,-0.094990241075,0.04927394985,0.26475,0.73525,TRUE,0,0.999464889379306,3505.57699528104,2799.21462120935
5,"Waterways","beta[5]",-0.0246977607685536,0.0410261493156479,-0.023821083,-0.1087905205,0.052813810825,0.2625,0.7375,TRUE,0,1.00066401606224,3344.40871179324,2858.13884081437
5,"Ramadan_past90days_Muslimpop","beta[6]",-0.0527305639993226,0.0174197425173934,-0.0529515705,-0.086659485675,-0.018034181625,0.00175,0.99825,FALSE,0,0.999636340127891,3674.11159992008,2974.74547944387
5,"Muslim","beta[7]",0.0226632898761848,0.0571920752383444,0.0232188075,-0.098696948,0.13431177225,0.68375,0.31625,TRUE,0,1.00214702461608,2692.27808888097,1632.47671640132
