"cv_fold","feature","beta_name","posterior_mean","posterior_sd","posterior_median","ci_2.5","ci_97.5","prob_positive","prob_negative","includes_zero","prior_mean","rhat","ess_bulk","ess_tail"
3,"MPI_intensity","beta[1]",0.0542513439953841,0.0613935635411124,0.042492307,-0.03500766605,0.202463127,0.85025,0.14975,TRUE,0,1.00438873209022,1366.93108756467,1629.9694820951
3,"currency_exchange_log","beta[2]",-0.029791129050779,0.0178534952959141,-0.0298474395,-0.065480289525,0.0032530536675,0.048,0.952,TRUE,0,1.00320149475014,1785.9709168781,1042.83025586609
3,"ndvi_value_cubic_intp","beta[3]",-0.0365068374593684,0.033122730852545,-0.034085645,-0.108129132,0.018633740525,0.13,0.87,TRUE,0,1.00109738350793,1885.66932868184,2382.91038137899
3,"food_inflation_cubic_intp","beta[4]",-0.0180338673076803,0.0337585846906998,-0.015857686,-0.089106868825,0.043995549825,0.2975,0.7025,TRUE,0,0.999829560312829,3293.41268877712,2553.26204950872
3,"Waterways","beta[5]",-0.0210712473958797,0.0353950482240641,-0.0173863185,-0.09878787585,0.043203674425,0.27575,0.72425,TRUE,0,1.00233762772771,2894.33572758613,2041.12523210826
3,"Ramadan_past90days_Muslimpop","beta[6]",-0.0284403571040386,0.0181854415906885,-0.0277694515,-0.0657548268,0.003872188565,0.0495,0.9505,TRUE,0,1.00190066155604,1520.2897555451,2405.47894817565
3,"Muslim","beta[7]",0.0225392656943517,0.0506516961077274,0.0180478385,-0.075720980075,0.1291302505,0.689,0.311,TRUE,0,1.00170971322939,2500.80852779232,1954.83630496689
