"cv_fold","feature","beta_name","posterior_mean","posterior_sd","posterior_median","ci_2.5","ci_97.5","prob_positive","prob_negative","includes_zero","prior_mean","rhat","ess_bulk","ess_tail"
1,"MPI_intensity","beta[1]",0.138209482099942,0.0674389590049241,0.135926975,0.015081261925,0.27521641575,0.9875,0.0125,FALSE,0,1.00292185552019,2644.10482973233,2940.68091199907
1,"currency_exchange_log","beta[2]",-0.0343088845675075,0.0165464795613501,-0.034461587,-0.066370535175,-0.0011348241625,0.0215,0.9785,FALSE,0,1.00108261325223,3823.5439127137,2633.74967665533
1,"ndvi_value_cubic_intp","beta[3]",-0.0457756186335174,0.0330521047798061,-0.0453747785,-0.11162084,0.0191464904,0.078,0.922,TRUE,0,1.00030322482829,3790.29275135952,3245.20757888419
1,"food_inflation_cubic_intp","beta[4]",-0.0243250211095838,0.0374686546288767,-0.0237757005,-0.0975886549,0.048395650875,0.253,0.747,TRUE,0,1.00105530808166,3407.3329312932,2580.32778817441
1,"Waterways","beta[5]",-0.0069560498687041,0.0439196451384876,-0.0069852367,-0.09578461665,0.08050652155,0.43025,0.56975,TRUE,0,1.00228810764204,3970.43132154383,2246.05008488121
1,"Ramadan_past90days_Muslimpop","beta[6]",-0.0499310239426701,0.0166957477781508,-0.0500719405,-0.08245663325,-0.01697631725,0.0025,0.9975,FALSE,0,1.00068545900441,3892.22188498502,2870.88372308994
1,"Muslim","beta[7]",0.0482072487198279,0.0592755544346504,0.0468200865,-0.0717554748,0.17036460125,0.8045,0.1955,TRUE,0,1.0017703583728,2775.63731457565,2664.07313582843
