"cv_fold","feature","beta_name","posterior_mean","posterior_sd","posterior_median","ci_2.5","ci_97.5","prob_positive","prob_negative","includes_zero","prior_mean","rhat","ess_bulk","ess_tail"
0,"MPI_intensity","beta[1]",0.2170066648763,0.0600002084036092,0.21760479,0.096400208825,0.33172538675,0.99875,0.00125,FALSE,0,1.00055780686801,3609.8645022912,2089.7932275662
0,"currency_exchange_log","beta[2]",-0.0431959172750517,0.0188142306248828,-0.0429740805,-0.080467815775,-0.00697613855999999,0.00875,0.99125,FALSE,0,1.00300239943119,3625.72785890612,3143.56695972939
0,"ndvi_value_cubic_intp","beta[3]",0.0097701141283828,0.0358668249803859,0.0103812,-0.060828227575,0.0761616444000001,0.61025,0.38975,TRUE,0,1.00142176007858,3906.42563119267,2580.01984178671
0,"food_inflation_cubic_intp","beta[4]",0.00466443960347818,0.0472039095466049,0.00444226585,-0.086272667575,0.10204569575,0.535,0.465,TRUE,0,1.00077023974676,3870.5401396682,2685.21016649629
0,"Waterways","beta[5]",-0.034432958057204,0.0464137899098279,-0.033414628,-0.12604906825,0.058320600625,0.215,0.785,TRUE,0,1.00049537666507,3363.65155476041,2488.06422834747
