"cv_fold","feature","beta_name","posterior_mean","posterior_sd","posterior_median","ci_2.5","ci_97.5","prob_positive","prob_negative","includes_zero","prior_mean","rhat","ess_bulk","ess_tail"
1,"MPI_intensity","beta[1]",0.23880194931215,0.0561861130084918,0.239156965,0.124496466,0.34862205875,0.99975,0.00025,FALSE,0,1.00118766463649,3518.45277460467,2452.51489545647
1,"currency_exchange_log","beta[2]",-0.0381737098836382,0.0183579316024147,-0.0383715735,-0.074371811375,-0.00213156159999998,0.01975,0.98025,FALSE,0,1.0020223554468,4445.93521710841,2842.26272163225
1,"ndvi_value_cubic_intp","beta[3]",-0.029957272535007,0.0354340716822828,-0.0309452345,-0.09842062415,0.039473150825,0.20625,0.79375,TRUE,0,1.00364073853882,3404.59839215524,2742.10921382706
1,"food_inflation_cubic_intp","beta[4]",-0.00855043571834977,0.0448664537353447,-0.0082915057,-0.0954518334,0.080439863425,0.4205,0.5795,TRUE,0,1.00099848823371,4021.26696937164,2628.77112318309
1,"Waterways","beta[5]",-0.0178107984022295,0.0483579407426697,-0.017391677,-0.11225142475,0.07649116145,0.34925,0.65075,TRUE,0,1.0009147989368,4099.82612411343,2729.41654836316
