"cv_fold","feature","beta_name","posterior_mean","posterior_sd","posterior_median","ci_2.5","ci_97.5","prob_positive","prob_negative","includes_zero","prior_mean","rhat","ess_bulk","ess_tail"
3,"MPI_intensity","beta[1]",0.171703166054767,0.0690639476142166,0.17246254,0.030007148575,0.313780555,0.98975,0.01025,FALSE,0,1.00138020745911,3575.98102057184,2213.74441291862
3,"currency_exchange_log","beta[2]",-0.037420235899255,0.017836481765193,-0.037343946,-0.07238644355,-0.00354486995499999,0.014,0.986,FALSE,0,1.00297986688446,4546.90487922252,3109.04990896422
3,"ndvi_value_cubic_intp","beta[3]",-0.0327348618293625,0.0398446618715139,-0.03221893,-0.1110134865,0.046780180675,0.2025,0.7975,TRUE,0,1.00107783280787,4735.10377917857,3171.5663310055
3,"food_inflation_cubic_intp","beta[4]",-0.016190413705668,0.0468195502265629,-0.016572751,-0.105461199,0.0762562547,0.3625,0.6375,TRUE,0,1.00049441795057,4184.06500894744,2827.24306860879
3,"Waterways","beta[5]",-0.0409479310938969,0.0479116230165138,-0.0402766965,-0.13815219725,0.051420977875,0.18675,0.81325,TRUE,0,1.00013969937797,3772.87566885602,2153.99264544723
