"cv_fold","feature","beta_name","posterior_mean","posterior_sd","posterior_median","ci_2.5","ci_97.5","prob_positive","prob_negative","includes_zero","prior_mean","rhat","ess_bulk","ess_tail"
5,"MPI_intensity","beta[1]",0.211702138324,0.0559802756737956,0.210860515,0.1064258815,0.3266062715,1,0,FALSE,0,1.000502345407,3573.47464455351,2792.80805303466
5,"currency_exchange_log","beta[2]",-0.0368178696409987,0.0185488135641805,-0.036599901,-0.0734123416,-0.000228664702399986,0.0245,0.9755,FALSE,0,1.00056964057642,4541.92655448861,2830.71313945049
5,"ndvi_value_cubic_intp","beta[3]",-0.00579580660467068,0.0366244210293381,-0.0061207118,-0.078411759275,0.069133438,0.434,0.566,TRUE,0,1.00444126658752,4391.36245137897,2793.03800692169
5,"food_inflation_cubic_intp","beta[4]",-0.00864955668453701,0.0454714799490467,-0.00935463145,-0.0983362667,0.080865093625,0.424,0.576,TRUE,0,1.00272822283565,3826.83836912437,2570.02020364323
5,"Waterways","beta[5]",-0.0503953586428138,0.0483711632668897,-0.050058266,-0.14913666625,0.048043991725,0.1325,0.8675,TRUE,0,1.00155309426937,3420.63635299518,2416.70987470428
