"cv_fold","feature","beta_name","posterior_mean","posterior_sd","posterior_median","ci_2.5","ci_97.5","prob_positive","prob_negative","includes_zero","prior_mean","rhat","ess_bulk","ess_tail"
2,"MPI_intensity","beta[1]",0.224258517645499,0.0573333422190328,0.22401994,0.1136872925,0.34099192275,0.9995,5e-04,FALSE,0,1.00380217604493,3424.159834832,2444.6297645887
2,"currency_exchange_log","beta[2]",-0.0393491139142547,0.0195076606062527,-0.039533525,-0.07654100425,-0.000219033378999999,0.024,0.976,FALSE,0,1.00156844205073,4640.36965364171,2943.0812097376
2,"ndvi_value_cubic_intp","beta[3]",0.0166411629851789,0.0354039247825144,0.0168570925,-0.051318879,0.087193695825,0.684,0.316,TRUE,0,1.00025015957273,4393.22831296387,3082.35752480103
2,"food_inflation_cubic_intp","beta[4]",-0.0161496477835974,0.0475352416930662,-0.0164815625,-0.10972493375,0.078232169425,0.3635,0.6365,TRUE,0,1.00424996239946,4756.28576279415,2382.56088999756
2,"Waterways","beta[5]",-0.0674971072534704,0.0460972240336904,-0.066652186,-0.16036616375,0.024280059575,0.06525,0.93475,TRUE,0,1.00112416159434,3190.69577011977,2441.34550110464
