"cv_fold","feature","beta_name","posterior_mean","posterior_sd","posterior_median","ci_2.5","ci_97.5","prob_positive","prob_negative","includes_zero","prior_mean","rhat","ess_bulk","ess_tail"
4,"MPI_intensity","beta[1]",0.22294161449225,0.0464091278384219,0.222791195,0.12835857825,0.318121028,1,0,FALSE,0,1.00087668669248,3268.78396603365,2327.77407200943
4,"currency_exchange_log","beta[2]",-0.035015709553037,0.0190625670881764,-0.034966446,-0.071810832475,0.0028138968625,0.035,0.965,TRUE,0,1.00102471800131,4475.55221193327,2930.25004198807
4,"ndvi_value_cubic_intp","beta[3]",-0.0573154333900269,0.033747523711715,-0.0579653345,-0.12232776925,0.010118831275,0.045,0.955,TRUE,0,1.00124464612317,3484.60340471993,2695.08193932826
4,"food_inflation_cubic_intp","beta[4]",-0.00904014030833224,0.0469797935366301,-0.0092739864,-0.1005922805,0.0837928309,0.42325,0.57675,TRUE,0,1.00266058342459,4271.81062696473,2587.55705189034
4,"Waterways","beta[5]",-0.0676737722433289,0.0382800511208084,-0.067893139,-0.1439883475,0.00853122169500001,0.04125,0.95875,TRUE,0,1.00179877258771,3309.91983955655,2602.75579872199
